hallucination_score,label,primary_hallucination_tag,product,reactants,reason,secondary_hallucination_tag,source,target
,1,atom_or_mass_balance_error,O=C1[C@@]2(CC(C)C)N([C@]3([H])C(N2)=O)[C@](CC(C)C)(C(O[C@H]3C)=O)N1,O=C1[C@@]2(CC(C)C)N([C@]3([H])C(N2)=O)[C@](CC(C)C)(C(O)=O)N1[C@H]3,Carbon missing beside acetyl group; 6-membered N-ring reduced to 5-membered; ring opening from N won't give hydroxy,atom_loss,expert,Ohauamine C
,1,structural_topology_error,O=C1[C@@]2(CC(C)C)N([C@]3([H])C(N2)=O)[C@](CC(C)C)(C(O)=O)N1[C@H]3,O=C1[C@@]2(CC(C)C)N([C@]3([H])C(N2)=O)[C@](CC(C)C)(C(=O)N(C)OC)N1[C@H]3,Several atom attachments hallucinated; three-membered ring formed; bond between carbonyl and N; carbon count increased,ring_size_change,expert,Ohauamine C
,1,structural_topology_error,O=C1[C@@]2(CC(C)C)N([C@]3([H])C(N2)=O)[C@](CC(C)C)(C(=O)N(C)OC)N1[C@H]3,CN(C)O,Sudden change in atom count; molecule reduced to small starting material,major_scaffold_loss,expert,Ohauamine C
,1,non_disconnection_or_no_progress,ClC(C(OC)=C1)=CC2=C1[C@@H]3[C@@H](N(C)CC2)CCC4=CC=CC=C43,ClC(C(OC)=C1)=CC2=C1[C@@H]3[C@@H](N(C)CCC2)CC4=CC=CC=C43,6-membered ring reduced to 5-membered; no change in rest of molecule; no chemical reaction seen,no_fragment_simplification,expert,Tetracyclic Azepine
,1,non_disconnection_or_no_progress,ClC(C(OC)=C1)=CC2=C1[C@@H]3[C@@H](N(C)CCC2)CC4=CC=CC=C43,ClC(C(OC)=C1)=CC2=C1[C@@H]3[C@@H](NCCC2)CC4=CC=CC=C43,Whole 6-membered ring missing from 7-membered ring; no chemical reaction; reduction of 6-ring to benzene is hallucination,no_fragment_simplification,expert,Tetracyclic Azepine
,1,regio_or_site_error,ClC(C(OC)=C1)=CC2=C1[C@@H]3[C@@H](NCCC2)CC4=CC=CC=C43,ClC1=CC2=C(C(O)=C1)[C@@H]3[C@@H](NCCC2)CC4=CC=CC=C43,Position hallucination of functional group hydroxy,wrong_functional_group_position,expert,Tetracyclic Azepine
,1,structural_topology_error,ClC1=CC2=C(C(O)=C1)[C@@H]3[C@@H](NCCC2)CC4=CC=CC=C43,O=C1CCCc2cc(Cl)cc(O)c21.NC1Cc2ccccc21,Molecule splits into two fragments with hallucinated connecting carbons; 7-membered ring converted to unstable 4-membered ring,fragment_connector_hallucination,expert,Tetracyclic Azepine
,1,unstable_or_nonviable_intermediate,NC1Cc2ccccc21,ON=C1Cc2ccccc21,Wrong starting material; very unstable starting material produced,strained_intermediate,expert,Tetracyclic Azepine
,1,protecting_group_strategy_error,O[C@@](C[C@@H](C)C([C@@H]1C)=O)(C)[C@@H]([C@@H](C)[C@@H]([C@@H](C)C(O[C@H](CC)[C@H](C)[C@@H]1O)=O)O[C@@H]2O[C@@H](C)[C@@H]([C@](C2)(C)OC)O)O,O[C@@](C[C@@H](C)C([C@@H]1C)=O)(C)[C@@H]([C@@H](C)[C@@H]([C@@H](C)C(O[C@H](CC)[C@H](C)[C@@H]1O)=O)O[C@@H]2O[C@@H](C)[C@@H]([C@](C2)(C)O)O)O,Methyl group hallucination on protective group (should be methoxy); covalency hallucination on carbon,unnecessary_protection,expert,Erythromycin B
,1,non_disconnection_or_no_progress,O[C@@](C[C@@H](C)C([C@@H]1C)=O)(C)[C@@H]([C@@H](C)[C@@H]([C@@H](C)C(O[C@H](CC)[C@H](C)[C@@H]1O)=O)O)O,CC[C@H]1OC(=O)[C@H](C)[C@H](O)[C@H](C)[C@H](O)[C@](C)(O)C[C@H](C)[C@H](O)[C@H](C)[C@H](O)[C@H]1C,"Molecule core unchanged; only reduction, no real progress",core_unchanged,expert,Erythromycin B
,1,non_disconnection_or_no_progress,CC[C@H]1OC(=O)[C@H](C)[C@H](O)[C@H](C)[C@H](O)[C@](C)(O)C[C@H](C)[C@H](O)[C@H](C)[C@H](O)[C@H]1C,CC[C@H]1OC(=O)[C@H](C)C(=O)[C@H](C)[C@H](O)[C@](C)(O)C[C@H](C)[C@H](O)[C@H](C)[C@H](O)[C@H]1C,"Molecule core unchanged; only reduction, no real progress",core_unchanged,expert,Erythromycin B
,1,non_disconnection_or_no_progress,CC[C@H]1OC(=O)[C@H](C)C(=O)[C@H](C)[C@H](O)[C@](C)(O)C[C@H](C)[C@H](O)[C@H](C)[C@H](O)[C@H]1C,CC[C@H]1OC(=O)[C@H](C)C(=O)[C@H](C)[C@H](O)[C@](C)(O)C[C@H](C)C(=O)[C@H](C)[C@H](O)[C@H]1C,"Molecule core unchanged; only reduction, no real progress",core_unchanged,expert,Erythromycin B
,1,non_disconnection_or_no_progress,CC[C@H]1OC(=O)[C@H](C)C(=O)[C@H](C)[C@H](O)[C@](C)(O)C[C@H](C)C(=O)[C@H](C)[C@H](O)[C@H]1C,CC[C@H]1OC(=O)[C@H](C)C(=O)[C@H](C)C(=O)[C@](C)(O)C[C@H](C)C(=O)[C@H](C)C(=O)[C@H]1C,"Molecule core unchanged; only reduction, no real progress",core_unchanged,expert,Erythromycin B
,1,structural_topology_error,CC[C@H]1OC(=O)[C@H](C)C(=O)[C@H](C)C(=O)[C@](C)(O)C[C@H](C)C(=O)[C@H](C)C(=O)[C@H]1C,CC[C@H]1OC(=O)[C@H](C)C(=O)[C@H](C)C(=O)1.O=C[C@H](C)C[C@](C)(O)C(=O)[C@H](C)C(=O)[C@H](C)C(=O)O,Fragment breaks into two parts with 7-membered ring formation,invented_ring,expert,Erythromycin B
,1,non_disconnection_or_no_progress,CC[C@H]1OC(=O)[C@H](C)C(=O)[C@H](C)C(=O)1,CC[C@H]1OC(=O)[C@H](C)C(O)[C@H](C)C(=O)1,Pure hallucination; molecule didn't break into smaller species,no_fragment_simplification,expert,Erythromycin B
,1,non_disconnection_or_no_progress,CC[C@H]1OC(=O)[C@H](C)C(O)[C@H](C)C(=O)1,CC[C@H]1OC(=O)[C@H](C)C(O)[C@H](C)CO1,Pure hallucination; molecule didn't break into smaller species,no_fragment_simplification,expert,Erythromycin B
,1,non_disconnection_or_no_progress,CC[C@H]1OC(=O)[C@H](C)C(O)[C@H](C)CO1,CC[C@H]1OC(=O)[C@H](C)C(=O)[C@H](C)CO1,Pure hallucination; molecule didn't break into smaller species,no_fragment_simplification,expert,Erythromycin B
,1,non_disconnection_or_no_progress,O=C[C@H](C)C[C@](C)(O)C(=O)[C@H](C)C(=O)[C@H](C)C(=O)O,O=C[C@H](C)C[C@](C)(O)C(=O)[C@H](C)[C@H](O)[C@H](C)C(=O)O,Similar reduction steps; molecule didn't break into smaller fragments,no_fragment_simplification,expert,Erythromycin B
,1,non_disconnection_or_no_progress,O=C[C@H](C)C[C@](C)(O)C(=O)[C@H](C)[C@H](O)[C@H](C)C(=O)O,O[C@H](C)C[C@](C)(O)C(=O)[C@H](C)[C@H](O)[C@H](C)C(=O)O,Similar reduction steps; molecule didn't break into smaller fragments,no_fragment_simplification,expert,Erythromycin B
,1,non_disconnection_or_no_progress,O[C@H](C)C[C@](C)(O)C(=O)[C@H](C)[C@H](O)[C@H](C)C(=O)O,O[C@H](C)C[C@](C)(O)[C@H](O)[C@H](C)[C@H](O)[C@H](C)C(=O)O,Similar reduction steps; molecule didn't break into smaller fragments,no_fragment_simplification,expert,Erythromycin B
,0,clean_or_plausible_step,O=C1CCCc2cc(Cl)cc(O)c21,O=C1CCC(=O)N1Cl.O=C1CCCc2cccc(O)c21,Proper chemistry to convert fragment into starting material,,expert,Tetracyclic Azepine
,0,clean_or_plausible_step,O[C@@](C[C@@H](C)C([C@@H]1C)=O)(C)[C@@H]([C@@H](C)[C@@H]([C@@H](C)C(O[C@H](CC)[C@H](C)[C@@H]1O)=O)O[C@@H]2O[C@@H](C)[C@@H]([C@](C2)(C)OC)O)O[C@@H]([C@@H]3O)O[C@H](C)C[C@@H]3N(C)C,O[C@@](C[C@@H](C)C([C@@H]1C)=O)(C)[C@@H]([C@@H](C)[C@@H]([C@@H](C)C(O[C@H](CC)[C@H](C)[C@@H]1O)=O)O[C@@H]2O[C@@H](C)[C@@H]([C@](C2)(C)OC)O)O.C[C@H]1C[C@H](N(C)C)[C@H](O)[C@H](C)O1,Protecting group eliminated; no mistakes,,expert,Erythromycin B
,0,clean_or_plausible_step,O[C@@](C[C@@H](C)C([C@@H]1C)=O)(C)[C@@H]([C@@H](C)[C@@H]([C@@H](C)C(O[C@H](CC)[C@H](C)[C@@H]1O)=O)O[C@@H]2O[C@@H](C)[C@@H]([C@](C2)(C)O)O)O,O[C@@](C[C@@H](C)C([C@@H]1C)=O)(C)[C@@H]([C@@H](C)[C@@H]([C@@H](C)C(O[C@H](CC)[C@H](C)[C@@H]1O)=O)O)O.Br[C@@H]1O[C@@H](C)[C@@H]([C@](C1)(C)O)O,Proper removal of protective group from main ring,,expert,Erythromycin B
,0,clean_or_plausible_step,[H][C@]12C[C@H]([C@@H]([C@H]([C@]1(C[C@]3(N(C2)CCC4=C3NC5=C4C=CC(OC)=C5)[H])[H])C(OC)=O)OC)OC(C6=CC(OC)=C(C(OC)=C6)OC)=O,[H][C@]12C[C@H]([C@@H]([C@H]([C@]1(C[C@]3(N(C2)CCC4=C3NC5=C4C=CC(OC)=C5)[H])[H])C(OC)=O)OC)O.COc1cc(C(=O)O)cc(OC)c1OC,Protecting group eliminated; no mistakes,,expert,Reserpine
,0,clean_or_plausible_step,[H][C@]12C[C@H]([C@@H]([C@H]([C@]1(C[C@]3(N(C2)CCC4=C3NC5=C4C=CC(OC)=C5)[H])[H])C(OC)=O)OC)O,[H][C@]12C[C@H]([C@@H]([C@H]([C@]1(C[C@]3(N(C2)CCC4=C3NC5=C4C=CC(OC)=C5)[H])[H])C(O)=O)OC)O,Acetylation reaction; no mistakes,,expert,Reserpine
,0,clean_or_plausible_step,[H][C@]12C[C@H]([C@@H]([C@H]([C@]1(C[C@]3(N(C2)CCC4=C3NC5=C4C=CC(OC)=C5)[H])[H])C(O)=O)OC)O,[H][C@]12C[C@H]([C@@H](C(=O)[C@]1(C[C@]3(N(C2)CCC4=C3NC5=C4C=CC(OC)=C5)[H])[H])OC)O,Reduction step; overall chemistry looks good,,expert,Reserpine
,0,clean_or_plausible_step,[H][C@]12C[C@H]([C@@H](C(=O)[C@]1(C[C@]3(N(C2)CCC4=C3NC5=C4C=CC(OC)=C5)[H])[H])OC)O,[H][C@]12C[C@H]([C@@H]([C@H](O)[C@]1(C[C@]3(N(C2)CCC4=C3NC5=C4C=CC(OC)=C5)[H])[H])OC)O,Reduction step; overall chemistry looks good,,expert,Reserpine
,0,clean_or_plausible_step,[H][C@]12C[C@H]([C@@H]([C@H](O)[C@]1(C[C@]3(N(C2)CCC4=C3NC5=C4C=CC(OC)=C5)[H])[H])OC)O,[H][C@]12C[C@H]([C@@H]([C@H](O)[C@]1(C[C@]3(N(C2)CCC4=C3NC5=C4C=CC(O)=C5)[H])[H])OC)O,Reduction step; overall chemistry looks good; methylation also reasonable,,expert,Reserpine
,0,clean_or_plausible_step,CCc1c([nH]c2cc(O)ccc12)CN1CCCC[C@H]2C=CC(=O)[C@@H]3C[C@]([H])(C[C@H]23)C1,CCc1c(CBr)[nH]c2cc(O)ccc12.N1CCCC[C@H]2C=CC(=O)[C@@H]3C[C@H](C[C@H]23)C1,Produced two chemically stable and accurate fragments,,expert,Reserpine
,0,clean_or_plausible_step,[H][C@]12C[C@H]([C@@H]([C@H]([C@]1(C[C@]3(N(C2)CCC4=C3NC5=C4C=CC(OC)=C5)[H])[H])C(OC)=O)OC)O,COC1=CC2=C(C=C1)C3=C(N2)CCN[C@@H]3C[C@@H]4C[C@H]([C@@H]([C@H]([C@@H]4C(=O)OC)OC)O)C=O,default-clean (post-V4 prompt successful pathway),,expert,Reserpine (v2 role-tag)
